album, song, text
SOUR, hope_ur_ok, "I knew a boy once, when I was small"
SOUR, hope_ur_ok, "A tow-head blond, with eyes of salt"
SOUR, hope_ur_ok, "He played the drum in the marching band"
SOUR, hope_ur_ok, "His parents cared more about the Bible"
SOUR, hope_ur_ok, "Than being good to their own child"
SOUR, hope_ur_ok, "He wore long sleeves 'cause of his dad"
SOUR, hope_ur_ok, ""
SOUR, hope_ur_ok, "And somehow, we fell out of touch"
SOUR, hope_ur_ok, "Hope he took his bad deal and made a royal flush"
SOUR, hope_ur_ok, "Don't know if I'll see you again someday"
SOUR, hope_ur_ok, "But if you're out there, I hope that you're OK"
SOUR, hope_ur_ok, ""
SOUR, hope_ur_ok, "My middle school friend grew up alone"
SOUR, hope_ur_ok, "She raised her brothers on her own"
SOUR, hope_ur_ok, "Her parents hated who she loved"
SOUR, hope_ur_ok, "She couldn't wait to go to college"
SOUR, hope_ur_ok, "She was tired 'cause she was brought"
SOUR, hope_ur_ok, "Into a world where family was merely blood"
SOUR, hope_ur_ok, ""
SOUR, hope_ur_ok, "Does she know how proud I am she was created"
SOUR, hope_ur_ok, "With the courage to unlearn all of their hatred"
SOUR, hope_ur_ok, "We don't talk much but I just gotta say"
SOUR, hope_ur_ok, ""I miss you, and I hope that you're OK.""
SOUR, hope_ur_ok, ""
SOUR, hope_ur_ok, "Address the letters, to the holes in my butterfly wings"
SOUR, hope_ur_ok, "Nothing's forever, nothing's as good as it seems"
SOUR, hope_ur_ok, "And when the clouds won't iron out"
SOUR, hope_ur_ok, "And the monsters creep into your house"
SOUR, hope_ur_ok, "And every door is hard to close"
SOUR, hope_ur_ok, ""
SOUR, hope_ur_ok, "Well, I hope you know how proud I am you were created"
SOUR, hope_ur_ok, "With the courage to unlearn all of their hatred"
SOUR, hope_ur_ok, "God, I hope that you're happier today"
SOUR, hope_ur_ok, "'Cause I love you, and I hope that you're OK"
SOUR, 1_step_forward_3_steps_back, "Called you on the phone today"
SOUR, 1_step_forward_3_steps_back, "Just to ask you how you were"
SOUR, 1_step_forward_3_steps_back, "All I did was speak normally"
SOUR, 1_step_forward_3_steps_back, "Somehow I still struck a nerve"
SOUR, 1_step_forward_3_steps_back, ""
SOUR, 1_step_forward_3_steps_back, "You got me fucked up in the head, boy"
SOUR, 1_step_forward_3_steps_back, "Never doubted myself so much"
SOUR, 1_step_forward_3_steps_back, "Like am I pretty? Am I fun, boy?"
SOUR, 1_step_forward_3_steps_back, "I hate that I gave you power over that kind of stuff"
SOUR, 1_step_forward_3_steps_back, ""
SOUR, 1_step_forward_3_steps_back, "'Cause it's always one step forward and three steps back"
SOUR, 1_step_forward_3_steps_back, "I'm the love of your life until I make you mad"
SOUR, 1_step_forward_3_steps_back, "It's always one step forward and three steps back"
SOUR, 1_step_forward_3_steps_back, "Do you love me, want me, hate me, boy? I don't understand"
SOUR, 1_step_forward_3_steps_back, "No, I don't understand"
SOUR, 1_step_forward_3_steps_back, ""
SOUR, 1_step_forward_3_steps_back, "And maybe in some masochistic way"
SOUR, 1_step_forward_3_steps_back, "I kind of find it all exciting"
SOUR, 1_step_forward_3_steps_back, "Like which lover will I get today?"
SOUR, 1_step_forward_3_steps_back, "Will you walk me to the door or send me home cryin'?"
SOUR, 1_step_forward_3_steps_back, ""
SOUR, 1_step_forward_3_steps_back, "It's one step forward and three steps back"
SOUR, 1_step_forward_3_steps_back, "I'm the love of your life until I make you mad"
SOUR, 1_step_forward_3_steps_back, "It's always one step forward and three steps back"
SOUR, 1_step_forward_3_steps_back, "Do you love me, want me, hate me, boy? I don't understand"
SOUR, 1_step_forward_3_steps_back, ""
SOUR, 1_step_forward_3_steps_back, "No, it's back and forth, did I say something wrong?"
SOUR, 1_step_forward_3_steps_back, "It's back and forth, going over everything I said"
SOUR, 1_step_forward_3_steps_back, "It's back and forth, did I do something wrong?"
SOUR, 1_step_forward_3_steps_back, "It's back and forth, maybe, this is all your fault instead"
SOUR, 1_step_forward_3_steps_back, ""
SOUR, 1_step_forward_3_steps_back, "It's one step forward and three steps back"
SOUR, 1_step_forward_3_steps_back, "And I'd leave you, but the roller coaster's all I've ever had"
SOUR, 1_step_forward_3_steps_back, "Yeah, it's one step forward and three steps back"
SOUR, 1_step_forward_3_steps_back, "Do you love me, want me, hate me, boy?"
SOUR, 1_step_forward_3_steps_back, "I don't understand"
SOUR, 1_step_forward_3_steps_back, "No, I don't understand"
SOUR, deja_vu, "Car rides to Malibu"
SOUR, deja_vu, "Strawberry ice cream, one spoon for two"
SOUR, deja_vu, "And tradin' jackets"
SOUR, deja_vu, "Laughin' 'bout how small it looks on you"
SOUR, deja_vu, "(Ha-ha-ha-ha, ha-ha-ha-ha-ha, ha-ha-ha-ha)"
SOUR, deja_vu, "Watching reruns of Glee"
SOUR, deja_vu, "Bein' annoying, singin' in harmony"
SOUR, deja_vu, "I bet she's braggin'"
SOUR, deja_vu, "To all her friends, sayin' you're so unique, hmm"
SOUR, deja_vu, ""
SOUR, deja_vu, "So when you gonna tell her that we did that, too?"
SOUR, deja_vu, "She thinks it's special, but it's all reused"
SOUR, deja_vu, "That was our place, I found it first"
SOUR, deja_vu, "I made the jokes you tell to her when she's with you"
SOUR, deja_vu, ""
SOUR, deja_vu, "Do you get déjà vu when she's with you?"
SOUR, deja_vu, "Do you get déjà vu? Ah, hmm"
SOUR, deja_vu, "Do you get déjà vu, huh?"
SOUR, deja_vu, ""
SOUR, deja_vu, "Do you call her, almost say my name?"
SOUR, deja_vu, "'Cause let's be honest, we kinda do sound the same"
SOUR, deja_vu, "Another actress"
SOUR, deja_vu, "I hate to think that I was just your type"
SOUR, deja_vu, "And I bet that she knows Billy Joel"
SOUR, deja_vu, "'Cause you played her "Uptown Girl""
SOUR, deja_vu, "You're singin' it together"
SOUR, deja_vu, "Now I bet you even tell her how you love her"
SOUR, deja_vu, "In between the chorus and the verse (I love you)"
SOUR, deja_vu, ""
SOUR, deja_vu, "So when you gonna tell her that we did that, too?"
SOUR, deja_vu, "She thinks it's special, but it's all reused"
SOUR, deja_vu, "That was the show we talked about"
SOUR, deja_vu, "Played you the song she's singing now when she's with you"
SOUR, deja_vu, ""
SOUR, deja_vu, "Do you get déjà vu when she's with you?"
SOUR, deja_vu, "Do you get déjà vu? (Oh-oh)"
SOUR, deja_vu, "Do you get déjà vu?"
SOUR, deja_vu, ""
SOUR, deja_vu, "Strawberry ice cream in Malibu"
SOUR, deja_vu, "Don't act like we didn't do that shit, too"
SOUR, deja_vu, "You're tradin' jackets like we used to do"
SOUR, deja_vu, "(Yeah, everything is all reused)"
SOUR, deja_vu, "Play her piano, but she doesn't know"
SOUR, deja_vu, "That I was the one who taught you Billy Joel"
SOUR, deja_vu, "A different girl now, but there's nothing new"
SOUR, deja_vu, ""
SOUR, deja_vu, "I know you get déjà vu"
SOUR, deja_vu, "I know you get déjà vu"
SOUR, deja_vu, "I know you get déjà vu"
SOUR, happier, "We broke up a month ago"
SOUR, happier, "Your friends are mine"
SOUR, happier, "You know I know you've moved on"
SOUR, happier, "Found someone new"
SOUR, happier, "One more girl who brings out the better in you"
SOUR, happier, ""
SOUR, happier, "And I thought my heart was detached"
SOUR, happier, "From all the sunlight of our past"
SOUR, happier, "But she's so sweet"
SOUR, happier, "She's so pretty"
SOUR, happier, "Does she mean you forgot about me?"
SOUR, happier, ""
SOUR, happier, "Oh, I hope you're happy"
SOUR, happier, "But not like how you were with me"
SOUR, happier, "I'm selfish, I know"
SOUR, happier, "I can't let you go"
SOUR, happier, "So find someone great but don't find no one better"
SOUR, happier, "I hope you're happy but don't be happier"
SOUR, happier, ""
SOUR, happier, "And do you tell her she's the most beautiful girl you've ever seen?"
SOUR, happier, "An eternal love bullshit you know you'll never mean"
SOUR, happier, "Remember when I believed"
SOUR, happier, "You meant it when you said it first to me?"
SOUR, happier, ""
SOUR, happier, "And now I'm picking her apart"
SOUR, happier, "Like cutting her down will make you miss my wretched heart"
SOUR, happier, "But she's beautiful"
SOUR, happier, "She looks kind"
SOUR, happier, "She probably gives you butterflies"
SOUR, happier, ""
SOUR, happier, "I hope you're happy"
SOUR, happier, "But not like how you were with me"
SOUR, happier, "I'm selfish, I know"
SOUR, happier, "I can't let you go"
SOUR, happier, "So find someone great but don't find no one better"
SOUR, happier, ""
SOUR, happier, "I hope you're happy"
SOUR, happier, "I wish you all the best"
SOUR, happier, "Really"
SOUR, happier, "Say you love her, baby"
SOUR, happier, "Just not like you loved me"
SOUR, happier, "And think of me fondly when your hands are on her"
SOUR, happier, "I hope you're happy"
SOUR, happier, "But don't be happier"
SOUR, happier, ""
SOUR, happier, "I hope you're happy"
SOUR, happier, "Just not like how you were with me"
SOUR, happier, "I'm selfish, I know"
SOUR, happier, "Can't let you go"
SOUR, happier, "So find someone great but don't find no one better"
SOUR, happier, "I hope you're happy but don't be happier"
SOUR, favorite_crime, "Know that I loved you so bad"
SOUR, favorite_crime, "I let you treat me like that"
SOUR, favorite_crime, "I was your willing accomplice, honey"
SOUR, favorite_crime, ""
SOUR, favorite_crime, "And I watched as you fled the scene"
SOUR, favorite_crime, "Doe-eyed as you buried me"
SOUR, favorite_crime, "One heart broke, four hands bloody"
SOUR, favorite_crime, ""
SOUR, favorite_crime, "The things I did"
SOUR, favorite_crime, "Just so I could call you mine"
SOUR, favorite_crime, "The things you did"
SOUR, favorite_crime, "Well, I hope I was your favorite crime"
SOUR, favorite_crime, ""
SOUR, favorite_crime, "You used me as an alibi"
SOUR, favorite_crime, "I crossed my heart as you crossed the line"
SOUR, favorite_crime, "And I defended you to all my friends"
SOUR, favorite_crime, ""
SOUR, favorite_crime, "And now, every time a siren sounds"
SOUR, favorite_crime, "I wonder if you're around"
SOUR, favorite_crime, "'Cause you know that I'd do it all again"
SOUR, favorite_crime, ""
SOUR, favorite_crime, "Oh, the things I did"
SOUR, favorite_crime, "Just so I could call you mine"
SOUR, favorite_crime, "The things you did"
SOUR, favorite_crime, "Well, I hope I was your favorite crime"
SOUR, favorite_crime, ""
SOUR, favorite_crime, "It's bittersweet to think about the damage that we'd do"
SOUR, favorite_crime, "'Cause I was going down, but I was doing it with you"
SOUR, favorite_crime, "Yeah, everything we broke, and all the trouble that we made"
SOUR, favorite_crime, "But I say that I hate you with a smile on my face"
SOUR, favorite_crime, ""
SOUR, favorite_crime, "Oh, look what we became"
SOUR, favorite_crime, ""
SOUR, favorite_crime, "Oh, the things I did"
SOUR, favorite_crime, "Just so I could call you mine"
SOUR, favorite_crime, "Oh, the things you did"
SOUR, favorite_crime, "Well, I hope I was your favorite crime"
SOUR, favorite_crime, ""
SOUR, favorite_crime, "Your favorite crime"
SOUR, favorite_crime, "Your favorite crime"
SOUR, favorite_crime, "'Cause baby, you were mine"
SOUR, brutal, "I want it to be, like, messy"
SOUR, brutal, ""
SOUR, brutal, "I'm so insecure, I think"
SOUR, brutal, "That I'll die before I drink"
SOUR, brutal, "And I'm so caught up in the news"
SOUR, brutal, "Of who likes me and who hates you"
SOUR, brutal, "And I'm so tired that I might"
SOUR, brutal, "Quit my job, start a new life"
SOUR, brutal, "And they'd all be so disappointed"
SOUR, brutal, "'Cause who am I if not exploited?"
SOUR, brutal, "And I'm so sick of seventeen"
SOUR, brutal, "Where's my fucking teenage dream?"
SOUR, brutal, "If someone tells me one more time"
SOUR, brutal, ""Enjoy your youth," I'm gonna cry"
SOUR, brutal, "And I don't stick up for myself"
SOUR, brutal, "I'm anxious, and nothing can help"
SOUR, brutal, "And I wish I'd done this before"
SOUR, brutal, "And I wish people liked me more"
SOUR, brutal, ""
SOUR, brutal, "All I did was try my best"
SOUR, brutal, "This the kinda thanks I get?"
SOUR, brutal, "Unrelentlessly upset (Ah-ah-ah)"
SOUR, brutal, "They say these are the golden years"
SOUR, brutal, "But I wish I could disappear"
SOUR, brutal, "Ego crush is so severe"
SOUR, brutal, "God, it's brutal out here"
SOUR, brutal, ""
SOUR, brutal, "(Yeah)"
SOUR, brutal, ""
SOUR, brutal, "I feel like no one wants me"
SOUR, brutal, "And I hate the way I'm perceived"
SOUR, brutal, "I only have two real friends"
SOUR, brutal, "And lately, I'm a nervous wreck"
SOUR, brutal, "'Cause I love people I don't like"
SOUR, brutal, "And I hate every song I write"
SOUR, brutal, "And I'm not cool, and I'm not smart"
SOUR, brutal, "And I can't even parallel park"
SOUR, brutal, ""
SOUR, brutal, "All I did was try my best"
SOUR, brutal, "This the kinda thanks I get?"
SOUR, brutal, "Unrelentlessly upset (Ah-ah-ah)"
SOUR, brutal, "They say these are the golden years"
SOUR, brutal, "But I wish I could disappear"
SOUR, brutal, "Ego crush is so severe"
SOUR, brutal, "God, it's brutal out here"
SOUR, brutal, ""
SOUR, brutal, "(Yeah)"
SOUR, brutal, "(Just havin' a really good time)"
SOUR, brutal, ""
SOUR, brutal, "Got a broken ego, broken heart"
SOUR, brutal, "(Yeah, it's brutal out here, yeah, it's brutal out here)"
SOUR, brutal, "And God, I don't even know where to start"
SOUR, drivers_license, "I got my driver's license last week"
SOUR, drivers_license, "Just like we always talked about"
SOUR, drivers_license, "'Cause you were so excited for me"
SOUR, drivers_license, "To finally drive up to your house"
SOUR, drivers_license, "But today I drove through the suburbs"
SOUR, drivers_license, "Crying 'cause you weren't around"
SOUR, drivers_license, ""
SOUR, drivers_license, "And you're probably with that blonde girl"
SOUR, drivers_license, "Who always made me doubt"
SOUR, drivers_license, "She's so much older than me"
SOUR, drivers_license, "She's everything I'm insecure about"
SOUR, drivers_license, "Yeah, today I drove through the suburbs"
SOUR, drivers_license, "'Cause how could I ever love someone else?"
SOUR, drivers_license, ""
SOUR, drivers_license, "And I know we weren't perfect but I've never felt this way for no one"
SOUR, drivers_license, "And I just can't imagine how you could be so okay now that I'm gone"
SOUR, drivers_license, "Guess you didn't mean what you wrote in that song about me"
SOUR, drivers_license, "'Cause you said forever now I drive alone past your street"
SOUR, drivers_license, ""
SOUR, drivers_license, "And all my friends are tired"
SOUR, drivers_license, "Of hearing how much I miss you but"
SOUR, drivers_license, "I kinda feel sorry for them"
SOUR, drivers_license, "'Cause they'll never know you the way that I do"
SOUR, drivers_license, "Yeah, today I drove through the suburbs"
SOUR, drivers_license, "And pictured I was driving home to you"
SOUR, drivers_license, ""
SOUR, drivers_license, "And I know we weren't perfect but I've never felt this way for no one"
SOUR, drivers_license, "Oh, and I just can't imagine how you could be so okay now that I'm gone"
SOUR, drivers_license, "I guess you didn't mean what you wrote in that song about me"
SOUR, drivers_license, "'Cause you said forever now I drive alone past your street"
SOUR, drivers_license, ""
SOUR, drivers_license, "Red lights"
SOUR, drivers_license, "Stop signs"
SOUR, drivers_license, "I still see your face"
SOUR, drivers_license, "In the white cars"
SOUR, drivers_license, "Front yards"
SOUR, drivers_license, "Can't drive past the places"
SOUR, drivers_license, "We used to"
SOUR, drivers_license, "Go to"
SOUR, drivers_license, "'Cause I still fucking love you, babe"
SOUR, drivers_license, ""
SOUR, drivers_license, "Sidewalks"
SOUR, drivers_license, "We crossed"
SOUR, drivers_license, "I still hear your voice"
SOUR, drivers_license, "In the traffic"
SOUR, drivers_license, "We're laughing"
SOUR, drivers_license, "Over all the noise"
SOUR, drivers_license, "God, I'm so blue"
SOUR, drivers_license, "Know we're through"
SOUR, drivers_license, "But I still fucking love you, babe"
SOUR, drivers_license, ""
SOUR, drivers_license, "I know we weren't perfect but I've never felt this way for no one"
SOUR, drivers_license, "And I just can't imagine how you could be so okay now that I'm gone"
SOUR, drivers_license, "Guess you didn't mean what you wrote in that song about me"
SOUR, drivers_license, "'Cause you said forever now I drive alone past your street"
SOUR, drivers_license, "Yeah, you said forever now I drive alone past your street"
SOUR, good_4_u, "Well good for you, I guess you moved on really easily"
SOUR, good_4_u, "You found a new girl and it only took a couple weeks"
SOUR, good_4_u, "Remember when you said that you wanted to give me the world"
SOUR, good_4_u, ""
SOUR, good_4_u, "And good for you, I guess that you've been working on yourself"
SOUR, good_4_u, "I guess that therapist I found for you, she really helped"
SOUR, good_4_u, "Now you can be a better man for your brand new girl"
SOUR, good_4_u, ""
SOUR, good_4_u, "Well good for you"
SOUR, good_4_u, "You look happy and healthy, not me"
SOUR, good_4_u, "If you ever cared to ask"
SOUR, good_4_u, "Good for you"
SOUR, good_4_u, "You're doing great out there without me, baby"
SOUR, good_4_u, "God, I wish that I could do that"
SOUR, good_4_u, ""
SOUR, good_4_u, "I've lost my mind"
SOUR, good_4_u, "I've spent the night"
SOUR, good_4_u, "Crying on the floor of my bathroom"
SOUR, good_4_u, "But you're so unaffected, I really don't get it"
SOUR, good_4_u, "But I guess good for you"
SOUR, good_4_u, ""
SOUR, good_4_u, "Well good for you, I guess you're getting everything you want"
SOUR, good_4_u, "You bought a new car and your career's really taking off"
SOUR, good_4_u, "It's like we never even happened, baby"
SOUR, good_4_u, "What the fuck is up with that?"
SOUR, good_4_u, ""
SOUR, good_4_u, "And good for you, it's like you never even met me"
SOUR, good_4_u, "Remember when you swore to God I was the only"
SOUR, good_4_u, "Person who ever got you"
SOUR, good_4_u, "Well, screw that and screw you"
SOUR, good_4_u, "You will never have to hurt the way you know that I do"
SOUR, good_4_u, ""
SOUR, good_4_u, "Well good for you"
SOUR, good_4_u, "You look happy and healthy, not me"
SOUR, good_4_u, "If you ever cared to ask"
SOUR, good_4_u, "Good for you"
SOUR, good_4_u, "You're doing great out there without me, baby"
SOUR, good_4_u, "God, I wish that I could do that"
SOUR, good_4_u, ""
SOUR, good_4_u, "I've lost my mind"
SOUR, good_4_u, "I've spent the night"
SOUR, good_4_u, "Crying on the floor of my bathroom"
SOUR, good_4_u, "But you're so unaffected, I really don't get it"
SOUR, good_4_u, "But I guess good for you"
SOUR, good_4_u, ""
SOUR, good_4_u, "Maybe I'm too emotional"
SOUR, good_4_u, "But your apathy's like a wound in salt"
SOUR, good_4_u, "Maybe I'm too emotional"
SOUR, good_4_u, "Or maybe you never cared at all"
SOUR, good_4_u, "Maybe I'm too emotional"
SOUR, good_4_u, "Your apathy's like a wound in salt"
SOUR, good_4_u, "Maybe I'm too emotional"
SOUR, good_4_u, "Or maybe you never cared at all"
SOUR, good_4_u, ""
SOUR, good_4_u, "Well good for you"
SOUR, good_4_u, "You look happy and healthy, not me"
SOUR, good_4_u, "If you ever cared to ask"
SOUR, good_4_u, "Good for you"
SOUR, good_4_u, "You're doing great out there without me, baby"
SOUR, good_4_u, "Like a damn sociopath"
SOUR, good_4_u, ""
SOUR, good_4_u, "I've lost my mind"
SOUR, good_4_u, "I've spent the night"
SOUR, good_4_u, "Crying on the floor of my bathroom"
SOUR, good_4_u, "But you're so unaffected, I really don't get it"
SOUR, good_4_u, "But I guess good for you"
SOUR, good_4_u, ""
SOUR, good_4_u, "Well good for you, I guess you moved on really easily"
SOUR, traitor, "Ooh-ooh-ooh"
SOUR, traitor, "Ah-ah-ah-ah-ah"
SOUR, traitor, ""
SOUR, traitor, "Brown guilty eyes and little white lies, yeah"
SOUR, traitor, "I played dumb, but I always knew"
SOUR, traitor, "That you talked to her, maybe did even worse"
SOUR, traitor, "I kept quiet so I could keep you"
SOUR, traitor, ""
SOUR, traitor, "And ain't it funny how you ran to her"
SOUR, traitor, "The second that we called it quits?"
SOUR, traitor, "And ain't it funny how you said you were friends?"
SOUR, traitor, "Now it sure as hell don't look like it"
SOUR, traitor, ""
SOUR, traitor, "You betrayed me"
SOUR, traitor, "And I know that you'll never feel sorry"
SOUR, traitor, "For the way I hurt, yeah"
SOUR, traitor, "You talked to her when we were together"
SOUR, traitor, "Loved you at your worst, but that didn't matter"
SOUR, traitor, "It took you two weeks to go off and date her"
SOUR, traitor, "Guess you didn't cheat, but you're still a traitor"
SOUR, traitor, ""
SOUR, traitor, "Now you bring her around just to shut me down"
SOUR, traitor, "Show her off like she's a new trophy"
SOUR, traitor, "And I know if you were true, there's no damn way that you"
SOUR, traitor, "Could fall in love with somebody that quickly"
SOUR, traitor, ""
SOUR, traitor, "And ain't it funny? All the twisted games"
SOUR, traitor, "All the questions you used to avoid"
SOUR, traitor, "Ain't it funny? Remember I brought her up"
SOUR, traitor, "And you told me I was paranoid?"
SOUR, traitor, ""
SOUR, traitor, "You betrayed me"
SOUR, traitor, "And I know that you'll never feel sorry"
SOUR, traitor, "For the way I hurt, yeah"
SOUR, traitor, "You talked to her when we were together"
SOUR, traitor, "Loved you at your worst, but that didn't matter"
SOUR, traitor, "It took you two weeks to go off and date her"
SOUR, traitor, "Guess you didn't cheat, but you're still a traitor"
SOUR, traitor, ""
SOUR, traitor, "(Ah-ah-ah)"
SOUR, traitor, "God, I wish that you had thought this through"
SOUR, traitor, "Before I went and fell in love with you"
SOUR, traitor, "(Ah-ah-ah)"
SOUR, traitor, "When she's sleepin' in the bed we made"
SOUR, traitor, "Don't you dare forget about the way"
SOUR, traitor, ""
SOUR, traitor, "You betrayed me"
SOUR, traitor, "'Cause I know that you'll never feel sorry"
SOUR, traitor, "For the way I hurt, yeah"
SOUR, traitor, "You talked to her when we were together"
SOUR, traitor, "You gave me your word, but that didn't matter"
SOUR, traitor, "It took you two weeks to go off and date her"
SOUR, traitor, "Guess you didn't cheat, but you're still, you're still a traitor"
SOUR, traitor, "(Ah-ah-ah)"
SOUR, traitor, "Yeah, you're still a traitor"
SOUR, traitor, ""
SOUR, traitor, "Ooh-ooh-ooh"
SOUR, traitor, "God, I wish that you had thought this through"
SOUR, traitor, "Before I went and fell in love with you"
SOUR, enough_for_you, "I wore make-up when we dated"
SOUR, enough_for_you, "'Cause I thought you'd like me more"
SOUR, enough_for_you, "If I looked like the other prom queens"
SOUR, enough_for_you, "I know that you loved before"
SOUR, enough_for_you, "Tried so hard to be everything that you like"
SOUR, enough_for_you, "Just for you to say you're not the compliment type"
SOUR, enough_for_you, ""
SOUR, enough_for_you, "And I knew how you took your coffee"
SOUR, enough_for_you, "And your favourite songs by heart"
SOUR, enough_for_you, "I read all of your self-help books so you'd think that I was smart"
SOUR, enough_for_you, "Stupid, emotional, obsessive little me"
SOUR, enough_for_you, "I knew from the start this is exactly how you'd leave"
SOUR, enough_for_you, ""
SOUR, enough_for_you, "You found someone more exciting"
SOUR, enough_for_you, "The next second, you were gone"
SOUR, enough_for_you, "And you left me there cryin', wonderin' what I did wrong"
SOUR, enough_for_you, "And you always say I'm never satisfied"
SOUR, enough_for_you, "But I don't think that's true"
SOUR, enough_for_you, "'Cause all I ever wanted was to be enough for you"
SOUR, enough_for_you, "Yeah all I ever wanted was to be enough for you"
SOUR, enough_for_you, ""
SOUR, enough_for_you, "And maybe I'm just not as interesting as the girls you had before"
SOUR, enough_for_you, "But God, you couldn't have cared less about"
SOUR, enough_for_you, "Someone who loved you more"
SOUR, enough_for_you, "I'd say you broke my heart"
SOUR, enough_for_you, "But you broke much more than that"
SOUR, enough_for_you, "Now, I don't want your sympathy"
SOUR, enough_for_you, "I just want myself back before"
SOUR, enough_for_you, ""
SOUR, enough_for_you, "You found someone more exciting"
SOUR, enough_for_you, "The next second, you were gone"
SOUR, enough_for_you, "And you left me there cryin', wonderin' what I did wrong"
SOUR, enough_for_you, "And you always say I'm never satisfied"
SOUR, enough_for_you, "But I don't think that's true"
SOUR, enough_for_you, "'Cause all I ever wanted was to be enough"
SOUR, enough_for_you, ""
SOUR, enough_for_you, "Don't you think I loved you too much"
SOUR, enough_for_you, "To be used and discarded?"
SOUR, enough_for_you, "Don't you think I loved you too much"
SOUR, enough_for_you, "To think I deserve nothing?"
SOUR, enough_for_you, "But don't tell me you're sorry, boy"
SOUR, enough_for_you, "Feel sorry for yourself"
SOUR, enough_for_you, "'Cause someday, I'll be everything to somebody else"
SOUR, enough_for_you, ""
SOUR, enough_for_you, "And they'll think that I'm so exciting"
SOUR, enough_for_you, "And you'll be the one who's cryin'"
SOUR, enough_for_you, "Yeah, you always say I'm never satisfied"
SOUR, enough_for_you, "But I don't think that's true"
SOUR, enough_for_you, "You say I'm never satisfied"
SOUR, enough_for_you, "But that's not me, it's you"
SOUR, enough_for_you, ""
SOUR, enough_for_you, "'Cause all I ever wanted was to be enough"
SOUR, enough_for_you, "But I don't think anything could ever be enough"
SOUR, enough_for_you, "For you"
SOUR, enough_for_you, "Enough for you"
SOUR, enough_for_you, "No, nothing's enough for you"
SOUR, enough_for_you, ""
SOUR, jealousy_jealousy, "I kinda wanna throw my phone across the room"
SOUR, jealousy_jealousy, "'Cause all I see are girls too good to be true"
SOUR, jealousy_jealousy, "With paper-white teeth and perfect bodies"
SOUR, jealousy_jealousy, "Wish I didn't care"
SOUR, jealousy_jealousy, ""
SOUR, jealousy_jealousy, "I know their beauty's not my lack"
SOUR, jealousy_jealousy, "But it feels like that weight is on my back"
SOUR, jealousy_jealousy, "And I can't let it go"
SOUR, jealousy_jealousy, ""
SOUR, jealousy_jealousy, "Com-comparison is killin' me slowly"
SOUR, jealousy_jealousy, "I think I think too much"
SOUR, jealousy_jealousy, "'Bout kids who don't know me"
SOUR, jealousy_jealousy, "I'm so sick of myself"
SOUR, jealousy_jealousy, "I'd rather be, rather be"
SOUR, jealousy_jealousy, "Anyone, anyone else"
SOUR, jealousy_jealousy, "My jealousy, jealousy started followin' me (He-he-he, he)"
SOUR, jealousy_jealousy, "Started followin' me (He-he-he, he)"
SOUR, jealousy_jealousy, ""
SOUR, jealousy_jealousy, "And I see everyone gettin' all the things I want"
SOUR, jealousy_jealousy, "I'm happy for them, but then again, I'm not"
SOUR, jealousy_jealousy, "Just cool vintage clothes and vacation photos"
SOUR, jealousy_jealousy, "I can't stand it"
SOUR, jealousy_jealousy, "Oh God, I sound crazy"
SOUR, jealousy_jealousy, ""
SOUR, jealousy_jealousy, "Their win is not my loss"
SOUR, jealousy_jealousy, "I know it's true, but"
SOUR, jealousy_jealousy, "I can't help gettin' caught up in it all"
SOUR, jealousy_jealousy, ""
SOUR, jealousy_jealousy, "Com-comparison is killin' me slowly"
SOUR, jealousy_jealousy, "I think I think too much"
SOUR, jealousy_jealousy, "'Bout kids who don't know me"
SOUR, jealousy_jealousy, "I'm so sick of myself"
SOUR, jealousy_jealousy, "Rather be, rather be"
SOUR, jealousy_jealousy, "Anyone, anyone else"
SOUR, jealousy_jealousy, "My jealousy, jealousy (Yeah)"
SOUR, jealousy_jealousy, ""
SOUR, jealousy_jealousy, "All your friends are so cool, you go out every night"
SOUR, jealousy_jealousy, "In your daddy's nice car, yeah, you're livin' the life"
SOUR, jealousy_jealousy, "Got a pretty face, a pretty boyfriend, too"
SOUR, jealousy_jealousy, "I wanna be you so bad and I don't even know you"
SOUR, jealousy_jealousy, "All I see is what I should be"
SOUR, jealousy_jealousy, "Happier, prettier, jealousy, jealousy"
SOUR, jealousy_jealousy, "All I see is what I should be"
SOUR, jealousy_jealousy, "I'm losin' it, all I get's jealousy, jealousy"
SOUR, jealousy_jealousy, ""
SOUR, jealousy_jealousy, "Com-comparison is killin' me slowly"
SOUR, jealousy_jealousy, "I think I think too much"
SOUR, jealousy_jealousy, "'Bout kids who don't know me"
SOUR, jealousy_jealousy, "And I'm so sick of myself"
SOUR, jealousy_jealousy, "Rather be, rather be (Oh, oh)"
SOUR, jealousy_jealousy, "Anyone, anyone else (Anybody else)"
SOUR, jealousy_jealousy, "Jealousy, jealousy"
SOUR, jealousy_jealousy, "Oh, I'm so sick of myself"
SOUR, jealousy_jealousy, "I'd rather be, rather be (Oh-oh-oh)"
SOUR, jealousy_jealousy, "Anyone, anyone else"
SOUR, jealousy_jealousy, "Jealousy, jealousy started followin' me"
GUTS, so_american, "Drivin' on the right-side road"
GUTS, so_american, "He says I'm pretty wearin' his clothes"
GUTS, so_american, "And he's got hands that make Hell seem cold"
GUTS, so_american, "Feet on the dashboard, he's like a poem I wish I wrote"
GUTS, so_american, "I wish I wrote"
GUTS, so_american, ""
GUTS, so_american, "And he laughs at all my jokes"
GUTS, so_american, "And he says I'm so American"
GUTS, so_american, "Oh God, it's just not fair of him"
GUTS, so_american, "To make me feel this much"
GUTS, so_american, "I'd go anywhere he goes"
GUTS, so_american, "And he says I'm so American"
GUTS, so_american, "Oh God, I'm gonna marry him"
GUTS, so_american, "If he keeps this shit up"
GUTS, so_american, "I might just be in lo-lo-, lo-lo-, lo-lo-, lo-lo-lo-lo-lo-love"
GUTS, so_american, ""
GUTS, so_american, "God, I'm so boring and I'm so rude"
GUTS, so_american, "Can't have a conversation if it's not all about you"
GUTS, so_american, "The way you dress and the books you read"
GUTS, so_american, "I really love my bed, but, man, it's hard to sleep when he's with me"
GUTS, so_american, "When he's with me"
GUTS, so_american, ""
GUTS, so_american, "And he laughs at all my jokes"
GUTS, so_american, "And he says I'm so American"
GUTS, so_american, "Oh God, it's just not fair of him"
GUTS, so_american, "To make me feel this much"
GUTS, so_american, "I'd go anywhere he goes"
GUTS, so_american, "And he says I'm so American"
GUTS, so_american, "Oh God, I'm gonna marry him"
GUTS, so_american, "If he keeps this shit up"
GUTS, so_american, "I might just be in lo-lo-, lo-lo-, lo-lo-, lo-lo-love"
GUTS, so_american, ""
GUTS, so_american, "I apologize if it's a little too much, just a little too soon"
GUTS, so_american, "But if the conversation ever were to come up"
GUTS, so_american, "I don't wanna assume this stuff"
GUTS, so_american, "But ain't it wrong?"
GUTS, so_american, "I think I'm in love"
GUTS, so_american, ""
GUTS, so_american, "And he laughs at all my jokes"
GUTS, so_american, "And he says I'm so American"
GUTS, so_american, "Oh God, it's just not fair of him"
GUTS, so_american, "To make me feel this much"
GUTS, so_american, "I'd go anywhere he goes"
GUTS, so_american, "And he says I'm so American"
GUTS, so_american, "Oh God, I'm gonna marry him"
GUTS, so_american, "If he keeps this shit up"
GUTS, so_american, "I might just be in lo-lo-, lo-lo-, lo-lo-, lo-lo-lo-lo-lo-love"
GUTS, so_american, ""
GUTS, so_american, "(Okay, come on, ah) Stop it, ah"
GUTS, ballad_of_a_homeschooled_girl, "Cat got my tongue"
GUTS, ballad_of_a_homeschooled_girl, "And I don't think I get along with anyone"
GUTS, ballad_of_a_homeschooled_girl, "Blood running cold"
GUTS, ballad_of_a_homeschooled_girl, "I'm on the outside of the greatest inside joke"
GUTS, ballad_of_a_homeschooled_girl, "And I hate all my clothes"
GUTS, ballad_of_a_homeschooled_girl, "Feels like my skin doesn't fit right over my bones"
GUTS, ballad_of_a_homeschooled_girl, "So I guess I should go"
GUTS, ballad_of_a_homeschooled_girl, "The party's done, and I'm no fun, I know, I know"
GUTS, ballad_of_a_homeschooled_girl, "I know, I know"
GUTS, ballad_of_a_homeschooled_girl, ""
GUTS, ballad_of_a_homeschooled_girl, "I broke a glass, I tripped and fell"
GUTS, ballad_of_a_homeschooled_girl, "I told secrets I shouldn't tell"
GUTS, ballad_of_a_homeschooled_girl, "I stumbled over all my words"
GUTS, ballad_of_a_homeschooled_girl, "I made it weird, I made it worse"
GUTS, ballad_of_a_homeschooled_girl, "Each time I step outside"
GUTS, ballad_of_a_homeschooled_girl, "It's social suicide"
GUTS, ballad_of_a_homeschooled_girl, "It's social suicide"
GUTS, ballad_of_a_homeschooled_girl, "Wanna curl up and die"
GUTS, ballad_of_a_homeschooled_girl, "It's social suicide"
GUTS, ballad_of_a_homeschooled_girl, ""
GUTS, ballad_of_a_homeschooled_girl, "Ah-ah, ah-ah"
GUTS, ballad_of_a_homeschooled_girl, "Ah-ah-ah-ah-ah-ah, ah-ah"
GUTS, ballad_of_a_homeschooled_girl, ""
GUTS, ballad_of_a_homeschooled_girl, "I laughed at the wrong time, sat with the wrong guy (Uh-huh)"
GUTS, ballad_of_a_homeschooled_girl, "Searchin' "how to start a conversation?" on a website (How to flirt?)"
GUTS, ballad_of_a_homeschooled_girl, "I talked to this hot guy, swore I was his type"
GUTS, ballad_of_a_homeschooled_girl, "Guess that he was makin' out with boys, like the whole night (Oh)"
GUTS, ballad_of_a_homeschooled_girl, "Everythin' I do is tragic (Oh)"
GUTS, ballad_of_a_homeschooled_girl, "Every guy I like is gay (Oh)"
GUTS, ballad_of_a_homeschooled_girl, "The morning after I panic (Oh)"
GUTS, ballad_of_a_homeschooled_girl, "Oh God, what did I say? (Oh, oh, oh)"
GUTS, ballad_of_a_homeschooled_girl, ""
GUTS, ballad_of_a_homeschooled_girl, "I broke a glass, I tripped and fell"
GUTS, ballad_of_a_homeschooled_girl, "I told secrets I shouldn't tell"
GUTS, ballad_of_a_homeschooled_girl, "I stumbled over all my words"
GUTS, ballad_of_a_homeschooled_girl, "I made it weird, I made it worse"
GUTS, ballad_of_a_homeschooled_girl, "Each time I step outside"
GUTS, ballad_of_a_homeschooled_girl, "It's social suicide"
GUTS, ballad_of_a_homeschooled_girl, "It's social suicide"
GUTS, ballad_of_a_homeschooled_girl, "Wanna curl up and die"
GUTS, ballad_of_a_homeschooled_girl, "It's social suicide"
GUTS, ballad_of_a_homeschooled_girl, "Yeah, when I'm alone, I'm fine"
GUTS, ballad_of_a_homeschooled_girl, "But don't let me out at night"
GUTS, ballad_of_a_homeschooled_girl, "It's social suicide"
GUTS, ballad_of_a_homeschooled_girl, "It's social suicide"
GUTS, ballad_of_a_homeschooled_girl, ""
GUTS, ballad_of_a_homeschooled_girl, "Ah-ah, ah-ah"
GUTS, ballad_of_a_homeschooled_girl, "Ah-ah-ah-ah-ah-ah, ah-ah"
GUTS, ballad_of_a_homeschooled_girl, "Ah-ah, ah-ah"
GUTS, ballad_of_a_homeschooled_girl, "Ah-ah-ah-ah-ah-ah, ah-ah"
GUTS, ballad_of_a_homeschooled_girl, ""
GUTS, ballad_of_a_homeschooled_girl, "I broke a glass, tripped and fell"
GUTS, ballad_of_a_homeschooled_girl, "Told secrets I shouldn't tell"
GUTS, ballad_of_a_homeschooled_girl, "Stumbled over all my words"
GUTS, ballad_of_a_homeschooled_girl, "Made it weird, then made it worse"
GUTS, ballad_of_a_homeschooled_girl, "Each day that I'm alive"
GUTS, ballad_of_a_homeschooled_girl, "It's social suicide"
GUTS, ballad_of_a_homeschooled_girl, "It's social suicide"
GUTS, ballad_of_a_homeschooled_girl, "Wanna curl up and die"
GUTS, ballad_of_a_homeschooled_girl, "It's social suicide"
GUTS, ballad_of_a_homeschooled_girl, "It's social suicide"
GUTS, ballad_of_a_homeschooled_girl, "Don't let me out at night"
GUTS, ballad_of_a_homeschooled_girl, "I'm shocked I'm still alive"
GUTS, ballad_of_a_homeschooled_girl, "It's social suicide"
GUTS, ballad_of_a_homeschooled_girl, ""
GUTS, ballad_of_a_homeschooled_girl, "Ah-ah, ah-ah"
GUTS, ballad_of_a_homeschooled_girl, "Ah-ah-ah-ah-ah-ah, ah-ah"
GUTS, ballad_of_a_homeschooled_girl, ""
GUTS, ballad_of_a_homeschooled_girl, "Thought your mom was your wife (Ah)"
GUTS, ballad_of_a_homeschooled_girl, "Called you the wrong name twice (Ah)"
GUTS, ballad_of_a_homeschooled_girl, "Can't think of a third line (Ah)"
GUTS, ballad_of_a_homeschooled_girl, "La-la-la-la-la-la (Ah)"
GUTS, ballad_of_a_homeschooled_girl, "La-la-la-la-la-la (Ah)"
GUTS, ballad_of_a_homeschooled_girl, "La-la-la-la-la-la (Ah)"
GUTS, ballad_of_a_homeschooled_girl, "La-la-la-la-la-la, ugh"
GUTS, girl_ive_always_been, "Five, six, five, six, seven, eight"
GUTS, girl_ive_always_been, ""
GUTS, girl_ive_always_been, ""Baby doll, you have changed""
GUTS, girl_ive_always_been, "That's the thing you always say"
GUTS, girl_ive_always_been, "Cursin' me, trash my name"
GUTS, girl_ive_always_been, "I rained all over your parade"
GUTS, girl_ive_always_been, "Now you're on my couch, you're fightin' tears"
GUTS, girl_ive_always_been, "You say I'm cruel beyond my years"
GUTS, girl_ive_always_been, "And as I'm walkin' out that door"
GUTS, girl_ive_always_been, "Say you don't know me anymore"
GUTS, girl_ive_always_been, ""
GUTS, girl_ive_always_been, "I have captors I call friends"
GUTS, girl_ive_always_been, "I got panic rooms inside my head"
GUTS, girl_ive_always_been, "I get down with crooked men"
GUTS, girl_ive_always_been, "But I am the girl I've always been"
GUTS, girl_ive_always_been, "I got a wrapped up in the game again"
GUTS, girl_ive_always_been, "You woke up in an empty bed"
GUTS, girl_ive_always_been, "And I can't say I'm a perfect ten"
GUTS, girl_ive_always_been, "But I am the girl I've always been"
GUTS, girl_ive_always_been, ""
GUTS, girl_ive_always_been, "Ah, mmm"
GUTS, girl_ive_always_been, ""
GUTS, girl_ive_always_been, "So don't say that I've been acting different"
GUTS, girl_ive_always_been, "I'm nothin' if I'm not consistent"
GUTS, girl_ive_always_been, "You knew everything you'd be gettin'"
GUTS, girl_ive_always_been, "I told you right from the beginnin'"
GUTS, girl_ive_always_been, "Now you're on my case, how could I go?"
GUTS, girl_ive_always_been, "You never dreamed I'd be so cold"
GUTS, girl_ive_always_been, "And then, with venom on your tongue"
GUTS, girl_ive_always_been, "You ask who I have become"
GUTS, girl_ive_always_been, ""
GUTS, girl_ive_always_been, "Well, I have captors I call friends"
GUTS, girl_ive_always_been, "I got panic rooms inside my head"
GUTS, girl_ive_always_been, "And I get down with the crooked men"
GUTS, girl_ive_always_been, "But I am the girl I've always been"
GUTS, girl_ive_always_been, "I got a wrapped up in the game again"
GUTS, girl_ive_always_been, "You woke up in an empty bed"
GUTS, girl_ive_always_been, "And I can't say I'm a perfect ten"
GUTS, girl_ive_always_been, "But I am the girl I've always been"
GUTS, girl_ive_always_been, ""
GUTS, girl_ive_always_been, "Yeah, I'm a candle in the wind"
GUTS, girl_ive_always_been, "I'll turn you out, I'll turn you in"
GUTS, girl_ive_always_been, "But I am the girl I've always been"
GUTS, girl_ive_always_been, ""
GUTS, get_him_back, "One, two, three"
GUTS, get_him_back, "Wait, is this the song with the drums?"
GUTS, get_him_back, ""
GUTS, get_him_back, "I met a guy in the summer and I left him in the spring"
GUTS, get_him_back, "He argued with me about everything"
GUTS, get_him_back, "He had an ego and a temper and a wandering eye"
GUTS, get_him_back, "He said he's six-foot-two and I'm like, "Dude, nice try""
GUTS, get_him_back, "But he was so much fun and he had such weird friends"
GUTS, get_him_back, "And he would take us out to parties and the night would never end"
GUTS, get_him_back, "Another song, another club, another bar, another dance"
GUTS, get_him_back, "And when he said something wrong, he'd just fly me to France"
GUTS, get_him_back, "So I miss him some nights when I'm feeling depressed"
GUTS, get_him_back, "'Til I remember every time he made a pass on my friend"
GUTS, get_him_back, "Do I love him? Do I hate him? I guess it's up and down"
GUTS, get_him_back, "If I had to choose, I would say right now"
GUTS, get_him_back, ""
GUTS, get_him_back, "I wanna get him back"
GUTS, get_him_back, "I wanna make him really jealous, wanna make him feel bad"
GUTS, get_him_back, "Oh, I wanna get him back"
GUTS, get_him_back, "'Cause then again, I really miss him and it makes me real sad"
GUTS, get_him_back, "Oh, I want sweet revenge"
GUTS, get_him_back, "And I want him again"
GUTS, get_him_back, "I want to get him back, back, back"
GUTS, get_him_back, ""
GUTS, get_him_back, "So I write him all these letters, then I throw them in the trash"
GUTS, get_him_back, "'Cause I miss the way he kisses and the way he made me laugh"
GUTS, get_him_back, "Yeah, I pour my little heart out, but as I'm hitting "send""
GUTS, get_him_back, "I picture all the faces of my disappointed friends"
GUTS, get_him_back, "Because everyone knew all of the shit that he'd do"
GUTS, get_him_back, "He said I was the only girl, but that just wasn't the truth"
GUTS, get_him_back, "And when I told him how he hurt me, he'd tell me I was trippin'"
GUTS, get_him_back, "But I am my father's daughter, so maybe I could fix him"
GUTS, get_him_back, ""
GUTS, get_him_back, "I wanna get him back"
GUTS, get_him_back, "I wanna make him really jealous, wanna make him feel bad"
GUTS, get_him_back, "Oh, I wanna get him back"
GUTS, get_him_back, "'Cause then again, I really miss him and it makes me real sad"
GUTS, get_him_back, "Oh, I want sweet revenge"
GUTS, get_him_back, "And I want him again"
GUTS, get_him_back, "I want to get him back (And then? And then)"
GUTS, get_him_back, "I want to get him back, back, back"
GUTS, get_him_back, ""
GUTS, get_him_back, "I wanna key his car (I want to get him back)"
GUTS, get_him_back, "I wanna make him lunch (But then I, I want to get him back)"
GUTS, get_him_back, "I wanna break his heart (But then I, I want to get him back)"
GUTS, get_him_back, "Then be the one to stitch it up (But then I, I want to get him back)"
GUTS, get_him_back, "Wanna kiss his face (But then I, I want to get him back)"
GUTS, get_him_back, "With an uppercut (But then I, I want to get him back)"
GUTS, get_him_back, "I wanna meet his mom (But then I, I want to get him back)"
GUTS, get_him_back, "Just to tell her her son sucks (But then I, I want to get him back)"
GUTS, get_him_back, "Oh, I wanna key his car, I wanna make him lunch (But then I, I want to get him back, I want to)"
GUTS, get_him_back, "I wanna break his heart, stitch it right back up (But then I, I want to get him back, get him back)"
GUTS, get_him_back, "I wanna kiss his face with an uppercut (But then I, I want to get him back, I want to)"
GUTS, get_him_back, "I wanna meet his mom and tell her her son sucks, yeah (But then I, I want to get him back, get him back)"
GUTS, get_him_back, ""
GUTS, get_him_back, "I wanna get him back"
GUTS, get_him_back, "I wanna make him really jealous, wanna make him feel bad"
GUTS, get_him_back, "Oh, I wanna get him back"
GUTS, get_him_back, "'Cause then again, I really miss him and it makes me real sad"
GUTS, get_him_back, "Oh, I want sweet revenge"
GUTS, get_him_back, "And I want him again"
GUTS, get_him_back, "I want to get him back (And then? And then)"
GUTS, get_him_back, "I want to get him back (Back, back)"
GUTS, get_him_back, ""
GUTS, get_him_back, "I'll get him, I'll get him, I'll get him, I'll get him back (Woo-hoo)"
GUTS, get_him_back, "Get him back (Come on, come on, woo)"
GUTS, get_him_back, "I'm gonna get him so good, he's not even gonna know what hit him"
GUTS, get_him_back, "He's gonna love me and hate me at the same time"
GUTS, get_him_back, "(Get him back, girl, you better get him back)"
GUTS, get_him_back, "(You got it, got it)"
GUTS, get_him_back, "Oh, I don't know, I got him good, I got him really good"
GUTS, obsessed, "La-da-da-da, da-da-da (Da-da-da-da-da)"
GUTS, obsessed, "La-da-da-da-da"
GUTS, obsessed, ""
GUTS, obsessed, "If I told you how much I think about her"
GUTS, obsessed, "You'd think I was in love"
GUTS, obsessed, "And if you knew how much I looked at her pictures"
GUTS, obsessed, "You would think we're best friends"
GUTS, obsessed, ""
GUTS, obsessed, "'Cause I know her star sign, I know her blood type"
GUTS, obsessed, "I've seen every movie she's been in and, oh God, she's beautiful"
GUTS, obsessed, "And I know you love her and I know about her"
GUTS, obsessed, "But I can't help it, no, I can't help it"
GUTS, obsessed, ""
GUTS, obsessed, "I'm so obsessed with your ex (Uh-huh)"
GUTS, obsessed, "I know she's been asleep on my side of your bed and I can feel it"
GUTS, obsessed, "I'm starin' at her like I wanna get hurt"
GUTS, obsessed, "And I remember every detail you would ever tell me, so be careful, baby"
GUTS, obsessed, "I'm so obsessed with your ex (Ah)"
GUTS, obsessed, "Yeah, I'm so obsessed with your ex (Ah)"
GUTS, obsessed, ""
GUTS, obsessed, "La-da-da-da, da-da-da"
GUTS, obsessed, ""
GUTS, obsessed, "She's got those lips, she's got those hips"
GUTS, obsessed, "The life of every fuckin' party"
GUTS, obsessed, "She's talented, she's good with kids"
GUTS, obsessed, "She even speaks kindly about me, ah-ah"
GUTS, obsessed, ""
GUTS, obsessed, "And I know you love me and I know it's crazy"
GUTS, obsessed, "But every time you call my name, I think you mistake me for her"
GUTS, obsessed, "You both have moved on, you don't even talk"
GUTS, obsessed, "But I can't help it, I got issues, I can't help it, baby"
GUTS, obsessed, ""
GUTS, obsessed, "I'm so obsessed with your ex"
GUTS, obsessed, "I know she's been asleep on my side in your bed and I can feel her"
GUTS, obsessed, "I'm starin' at her like I wanna get hurt"
GUTS, obsessed, "And I remember every detail you would ever tell me, so be careful, baby"
GUTS, obsessed, "I'm so obsessed with your ex (Ah)"
GUTS, obsessed, "Yeah, I'm so obsessed with your ex (Ah)"
GUTS, obsessed, ""
GUTS, obsessed, "Is she friends with your friends? Is she good in bed?"
GUTS, obsessed, "Do you think about her? No? I'm fine, it doesn't matter, tell me"
GUTS, obsessed, "Is she easy-goin'? Never controllin'?"
GUTS, obsessed, "Well-traveled? Well-read? Oh God, she's makin' me so obsessed"
GUTS, obsessed, ""
GUTS, obsessed, "I'm so obsessed with your ex (Ah)"
GUTS, obsessed, "She's been asleep on my side in your bed (Ah), woah"
GUTS, obsessed, "I'm so obsessed with your ex (Why'd she make me so obsessed? Ah)"
GUTS, obsessed, "I'm so obsessed with your, with your ex"
GUTS, bad_idea_right, "Hey"
GUTS, bad_idea_right, ""
GUTS, bad_idea_right, "Haven't heard from you in a couple of months"
GUTS, bad_idea_right, "But I'm out right now and I'm all fucked up"
GUTS, bad_idea_right, "And you're callin' my phone and you're all alone"
GUTS, bad_idea_right, "And I'm sensing some undertone"
GUTS, bad_idea_right, "And I'm right here with all my friends"
GUTS, bad_idea_right, "But you're sending me your new address"
GUTS, bad_idea_right, "And I know we're done, I know we're through"
GUTS, bad_idea_right, "But, God, when I look at you"
GUTS, bad_idea_right, ""
GUTS, bad_idea_right, "My brain goes, "Ah""
GUTS, bad_idea_right, "Can't hear my thoughts (I cannot hear my thoughts)"
GUTS, bad_idea_right, "Like blah-blah-blah (Blah, blah, blah, blah, blah, blah)"
GUTS, bad_idea_right, "Should probably not"
GUTS, bad_idea_right, "I should probably, probably not"
GUTS, bad_idea_right, "I should probably, probably not"
GUTS, bad_idea_right, ""
GUTS, bad_idea_right, "Seeing you tonight"
GUTS, bad_idea_right, "It's a bad idea, right?"
GUTS, bad_idea_right, "Seeing you tonight"
GUTS, bad_idea_right, "It's a bad idea, right?"
GUTS, bad_idea_right, "Seeing you tonight"
GUTS, bad_idea_right, "It's a bad idea, right?"
GUTS, bad_idea_right, "Seeing you tonight"
GUTS, bad_idea_right, "Fuck it, it's fine"
GUTS, bad_idea_right, ""
GUTS, bad_idea_right, "Yes, I know that he's my ex"
GUTS, bad_idea_right, "But can't two people reconnect?"
GUTS, bad_idea_right, "I only see him as a friend"
GUTS, bad_idea_right, "The biggest lie I ever said"
GUTS, bad_idea_right, "Oh, yes, I know that he's my ex"
GUTS, bad_idea_right, "But can't two people reconnect?"
GUTS, bad_idea_right, "I only see him as a friend"
GUTS, bad_idea_right, "I just tripped and fell into his bed"
GUTS, bad_idea_right, ""
GUTS, bad_idea_right, "Now I'm gettin' in the car, wreckin' all my plans"
GUTS, bad_idea_right, "I know I should stop, but I can't"
GUTS, bad_idea_right, "And I told my friends I was asleep"
GUTS, bad_idea_right, "But I never said where or in whose sheets"
GUTS, bad_idea_right, "And I pull up to your place on the second floor"
GUTS, bad_idea_right, "And you're standing, smiling at the door"
GUTS, bad_idea_right, "And I'm sure I've seen much hotter men"
GUTS, bad_idea_right, "But I really can't remember when"
GUTS, bad_idea_right, ""
GUTS, bad_idea_right, "My brain goes, "Ah""
GUTS, bad_idea_right, "Can't hear my thoughts (I cannot hear my thoughts)"
GUTS, bad_idea_right, "Like blah-blah-blah (Blah, blah, blah, blah, blah, blah)"
GUTS, bad_idea_right, "Should probably not"
GUTS, bad_idea_right, "I should probably, probably not"
GUTS, bad_idea_right, "I should probably, probably not"
GUTS, bad_idea_right, ""
GUTS, bad_idea_right, "Seeing you tonight"
GUTS, bad_idea_right, "It's a bad idea, right?"
GUTS, bad_idea_right, "Seeing you tonight"
GUTS, bad_idea_right, "It's a bad idea, right?"
GUTS, bad_idea_right, "Seeing you tonight"
GUTS, bad_idea_right, "It's a bad idea, right?"
GUTS, bad_idea_right, "Seeing you tonight"
GUTS, bad_idea_right, "Fuck it, it's fine"
GUTS, bad_idea_right, ""
GUTS, bad_idea_right, "Yes, I know that he's my ex"
GUTS, bad_idea_right, "But can't two people reconnect?"
GUTS, bad_idea_right, "I only see him as a friend"
GUTS, bad_idea_right, "The biggest lie I ever said"
GUTS, bad_idea_right, "Oh, yes, I know that he's my ex"
GUTS, bad_idea_right, "But can't two people reconnect?"
GUTS, bad_idea_right, "I only see him as a friend"
GUTS, bad_idea_right, "I just tripped and fell into his bed"
GUTS, bad_idea_right, ""
GUTS, bad_idea_right, "Oh, yes, I know that he's my ex"
GUTS, bad_idea_right, "Can't two people reconnect?"
GUTS, bad_idea_right, "The biggest lie I ever said"
GUTS, bad_idea_right, "I just tripped and fell into his bed"
GUTS, bad_idea_right, "My brain goes, "Ah""
GUTS, bad_idea_right, "Can't hear my thoughts"
GUTS, bad_idea_right, "The biggest lie I ever said"
GUTS, bad_idea_right, "My brain goes, "Ah""
GUTS, bad_idea_right, "Can't hear my thoughts"
GUTS, bad_idea_right, "I just tripped and fell into his bed"
GUTS, bad_idea_right, ""
GUTS, bad_idea_right, "Thoughts"
GUTS, bad_idea_right, "Blah"
GUTS, bad_idea_right, "Thoughts"
GUTS, bad_idea_right, "Blah"
GUTS, stranger, "I woke up this mornin' and I sat up straight in bed"
GUTS, stranger, "I had the strangest feeling of this weight off in my chest"
GUTS, stranger, "I hadn't felt that hopeful since the day that you left and it felt nice"
GUTS, stranger, "So nice"
GUTS, stranger, "And everybody told me it would happen in time"
GUTS, stranger, "The fire would burn out and all the storm clouds would subside"
GUTS, stranger, "And I always believed that it was some comforting lie that they believe it's nice"
GUTS, stranger, "So nice"
GUTS, stranger, ""
GUTS, stranger, "'Cause I was half myself without you and now I feel so complete"
GUTS, stranger, "And I can't even remember what made me lose all my sleep"
GUTS, stranger, "I cried a million rivers for you, but that's over now"
GUTS, stranger, "You're just a stranger I know everything about, ooh, ooh"
GUTS, stranger, "You're just a stranger I know everything about"
GUTS, stranger, ""
GUTS, stranger, "Made a pot of coffee and I poured myself a cup"
GUTS, stranger, "I thought of all the things I did to try and win your love"
GUTS, stranger, "How did that happen? I can't imagine ever doin' all that stuff for just one guy"
GUTS, stranger, "Like, you're just some guy"
GUTS, stranger, "Oh, but I hope that you're happy, babe, you know I really do"
GUTS, stranger, "And God knows that I am the girl I am because of you"
GUTS, stranger, "You know I'll always think of you, I'll love you 'til the end of time"
GUTS, stranger, "You are the best thing that I'll ever keep so far out of my life"
GUTS, stranger, ""
GUTS, stranger, "Yeah, I was half myself without you and now I feel so complete"
GUTS, stranger, "I can't even remember what made me lose all my sleep"
GUTS, stranger, "I cried a million rivers for you, but that's over now"
GUTS, stranger, "You're just a stranger I know everything about, ooh, ooh"
GUTS, stranger, "You're just a stranger I know everything about"
GUTS, stranger, ""
GUTS, stranger, "There's nothin' left for me to know"
GUTS, stranger, "I had to stay, you had to go"
GUTS, stranger, "And it was me, but it doesn't matter anymore, no"
GUTS, stranger, "There's nothin' left for me to sing"
GUTS, stranger, "I screamed, I cried, I did the whole thing"
GUTS, stranger, "And I loved you mad, but it doesn't matter anymore, no"
GUTS, stranger, ""
GUTS, stranger, "I was half myself without you, but now I feel so complete"
GUTS, stranger, "And if I'm not enough for you, you're not enough for me"
GUTS, stranger, "I fought a million battles, but you can't get to me now"
GUTS, stranger, "You're just a stranger I know everything about, ooh, ooh"
GUTS, stranger, "You're just a stranger I know everything about"
GUTS, stranger, "You're just a stranger I know everything about"
GUTS, stranger, ""
GUTS, stranger, ""
GUTS, scared_of_my_guitar, "Perfect, easy, so good to me"
GUTS, scared_of_my_guitar, "So why's there a pit in my gut in the shape of you?"
GUTS, scared_of_my_guitar, "Distract myself, say it's somethin' else"
GUTS, scared_of_my_guitar, "Maybe I'm just overwhelmed, maybe I'm confused"
GUTS, scared_of_my_guitar, ""
GUTS, scared_of_my_guitar, "Barely sleep when you sleep next to me"
GUTS, scared_of_my_guitar, "But I keep thinkin' I'll find a cure"
GUTS, scared_of_my_guitar, "I say that I'm fine, I tell you all the time"
GUTS, scared_of_my_guitar, "I've never felt so happy and sure"
GUTS, scared_of_my_guitar, ""
GUTS, scared_of_my_guitar, "But I'm so scared of my guitar"
GUTS, scared_of_my_guitar, "'Cause it cuts right through to the heart"
GUTS, scared_of_my_guitar, "Yeah, it knows me too well so I got no excuse"
GUTS, scared_of_my_guitar, "I can't lie to it the same way that I lie to you"
GUTS, scared_of_my_guitar, "I'm so scared of my guitar"
GUTS, scared_of_my_guitar, "If I play it, then I'll think too hard"
GUTS, scared_of_my_guitar, "Once you let the thought in, then it's already done"
GUTS, scared_of_my_guitar, "So I lay in your arms and pretend that it's love"
GUTS, scared_of_my_guitar, ""
GUTS, scared_of_my_guitar, "I was ravin', no boy like you"
GUTS, scared_of_my_guitar, "I had the nerve to just stop stringin' you all along"
GUTS, scared_of_my_guitar, "But I'm not half as decent as you"
GUTS, scared_of_my_guitar, "I'd rather be tied to someone, even if they're wrong"
GUTS, scared_of_my_guitar, ""
GUTS, scared_of_my_guitar, "I make excuses, my friends know the truth is"
GUTS, scared_of_my_guitar, "I'm not as alright as I claim"
GUTS, scared_of_my_guitar, "I say that I'm fine, I tell them all the time"
GUTS, scared_of_my_guitar, "As they watch all the life fade away"
GUTS, scared_of_my_guitar, ""
GUTS, scared_of_my_guitar, "Yeah, I'm so scared of my guitar"
GUTS, scared_of_my_guitar, "'Cause it cuts right through to the heart"
GUTS, scared_of_my_guitar, "Yeah, it knows me too well so I got no excuse"
GUTS, scared_of_my_guitar, "I can't lie to it the same way that I lie to you"
GUTS, scared_of_my_guitar, "I'm so scared of my guitar"
GUTS, scared_of_my_guitar, "If I play it, then I'll think too hard"
GUTS, scared_of_my_guitar, "Once you let the thought in and then it's already done"
GUTS, scared_of_my_guitar, "So I lay in your arms and pretend that it's love"
GUTS, scared_of_my_guitar, "Yeah, I lay in your arms and pretend that it's love"
GUTS, scared_of_my_guitar, ""
GUTS, scared_of_my_guitar, "I pretend that it's love"
GUTS, scared_of_my_guitar, "I pretend that it's love"
GUTS, scared_of_my_guitar, "I pretend that it's love, love"
GUTS, scared_of_my_guitar, ""
GUTS, scared_of_my_guitar, "'Cause what if I never find anything better?"
GUTS, scared_of_my_guitar, "The doubt always creeps through my mind"
GUTS, scared_of_my_guitar, "So we'll stay together 'cause how could I ever"
GUTS, scared_of_my_guitar, "Trade somethin' that's good for what's right?"
GUTS, scared_of_my_guitar, ""
GUTS, scared_of_my_guitar, "Oh, I'm so scared of my guitar"
GUTS, scared_of_my_guitar, "It cuts right through my heart"
GUTS, scared_of_my_guitar, "It knows me too well, I got no excuse"
GUTS, scared_of_my_guitar, "I can't lie to it the same way that I lie to you"
GUTS, scared_of_my_guitar, "I'm so scared of my guitar"
GUTS, scared_of_my_guitar, "When I play it is when I think too hard"
GUTS, scared_of_my_guitar, "I let the thought in, it's already done"
GUTS, scared_of_my_guitar, "But I lay in your arms and pretend that it's love"
GUTS, scared_of_my_guitar, "Yeah, I lay in your arms and pretend it's enough"
GUTS, love_is_embarrassing, "I told my friends you were the one"
GUTS, love_is_embarrassing, "After I'd known you like a month"
GUTS, love_is_embarrassing, "And then you kissed some girl from high school"
GUTS, love_is_embarrassing, "And I stayed in bed for like a week"
GUTS, love_is_embarrassing, "When you said space was what you need"
GUTS, love_is_embarrassing, "Waited by my phone like a goddamn fool"
GUTS, love_is_embarrassing, ""
GUTS, love_is_embarrassing, "And now it don't mean a thing"
GUTS, love_is_embarrassing, "God, love's fucking embarrassing"
GUTS, love_is_embarrassing, "Just watch as I crucify myself"
GUTS, love_is_embarrassing, "For some weird second string"
GUTS, love_is_embarrassing, "Loser who's not worth mentionin'"
GUTS, love_is_embarrassing, "My God, love's embarrassing as hell"
GUTS, love_is_embarrassing, ""
GUTS, love_is_embarrassing, "And I consoled you while you cried"
GUTS, love_is_embarrassing, "Over your ex-girlfriend's new guy"
GUTS, love_is_embarrassing, "My God, how could I be so stupid?"
GUTS, love_is_embarrassing, "You found a new version of me"
GUTS, love_is_embarrassing, "And I damn near started World War III"
GUTS, love_is_embarrassing, "Jesus, what was I even doing?"
GUTS, love_is_embarrassing, ""
GUTS, love_is_embarrassing, "'Cause now it don't mean a thing"
GUTS, love_is_embarrassing, "God, love's fucking embarrassing"
GUTS, love_is_embarrassing, "Just watch as I crucify myself"
GUTS, love_is_embarrassing, "For some weird second string"
GUTS, love_is_embarrassing, "Loser who's not worth mentionin'"
GUTS, love_is_embarrassing, "My God, love's embarrassing as hell"
GUTS, love_is_embarrassing, ""
GUTS, love_is_embarrassing, "I give up, give up"
GUTS, love_is_embarrassing, "I give up everything"
GUTS, love_is_embarrassing, "I placed my bets and"
GUTS, love_is_embarrassing, "It's not worth anything"
GUTS, love_is_embarrassing, "I give up, give up"
GUTS, love_is_embarrassing, "But I keep comin' back for more"
GUTS, love_is_embarrassing, ""
GUTS, love_is_embarrassing, "Yeah, it don't mean a thing"
GUTS, love_is_embarrassing, "God, love's fucking embarrassing"
GUTS, love_is_embarrassing, "Just watch as I crucify myself"
GUTS, love_is_embarrassing, "For some weird second string"
GUTS, love_is_embarrassing, "Loser who's not worth mentionin'"
GUTS, love_is_embarrassing, "My God, love's embarrassing as hell"
GUTS, love_is_embarrassing, ""
GUTS, love_is_embarrassing, "Yeah, yeah, I give up, give up"
GUTS, love_is_embarrassing, "I give up everything"
GUTS, love_is_embarrassing, "I'm plannin' out my wedding"
GUTS, love_is_embarrassing, "With some guy I'm never marryin'"
GUTS, love_is_embarrassing, "I'm givin' up, I'm givin' up"
GUTS, love_is_embarrassing, "But I keep comin' back for more"
GUTS, pretty_isnt_pretty, "Bought a bunch of makeup"
GUTS, pretty_isnt_pretty, "Tryna' cover up my face"
GUTS, pretty_isnt_pretty, "I started to skip lunch"
GUTS, pretty_isnt_pretty, "Stopped eatin' cake on birthdays"
GUTS, pretty_isnt_pretty, "Bought a new prescription"
GUTS, pretty_isnt_pretty, "To try and stay calm"
GUTS, pretty_isnt_pretty, "'Cause there's always something missin'"
GUTS, pretty_isnt_pretty, "There's always something in the mirror that I think looks wrong"
GUTS, pretty_isnt_pretty, ""
GUTS, pretty_isnt_pretty, "When pretty isn't pretty enough"
GUTS, pretty_isnt_pretty, "What do you do?"
GUTS, pretty_isnt_pretty, "And everybody's keepin' it up"
GUTS, pretty_isnt_pretty, "So you think it's you"
GUTS, pretty_isnt_pretty, "I could change up my body and change up my face"
GUTS, pretty_isnt_pretty, "I could try every lipstick in every shade"
GUTS, pretty_isnt_pretty, "But I'd always feel the same"
GUTS, pretty_isnt_pretty, "'Cause pretty isn't pretty enough anyways"
GUTS, pretty_isnt_pretty, ""
GUTS, pretty_isnt_pretty, "You can win the battle"
GUTS, pretty_isnt_pretty, "But you'll never win the war"
GUTS, pretty_isnt_pretty, "Fix the things you hated"
GUTS, pretty_isnt_pretty, "And you'd still feel so insecure"
GUTS, pretty_isnt_pretty, ""
GUTS, pretty_isnt_pretty, "And I try to ignore it, but it's everything I see"
GUTS, pretty_isnt_pretty, "It's on the posters on the wall, it's in the shitty magazines"
GUTS, pretty_isnt_pretty, "It's in my phone, it's in my head, it's in the boys I bring to bed"
GUTS, pretty_isnt_pretty, "It's all around, it's all the time and I don't know why I even try"
GUTS, pretty_isnt_pretty, ""
GUTS, pretty_isnt_pretty, "When pretty isn't pretty enough"
GUTS, pretty_isnt_pretty, "What do you do?"
GUTS, pretty_isnt_pretty, "And everybody's keepin' it up"
GUTS, pretty_isnt_pretty, "So you think it's you"
GUTS, pretty_isnt_pretty, "I could change up my body and change up my face"
GUTS, pretty_isnt_pretty, "I could try every lipstick in every shade"
GUTS, pretty_isnt_pretty, "But I'd always feel the same"
GUTS, pretty_isnt_pretty, "'Cause pretty isn't pretty enough"
GUTS, pretty_isnt_pretty, ""
GUTS, pretty_isnt_pretty, "And I bought all the clothes that they told me to buy"
GUTS, pretty_isnt_pretty, "I chased some dumb ideal my whole fucking life"
GUTS, pretty_isnt_pretty, "And none of it matters and none of it ends"
GUTS, pretty_isnt_pretty, "You just feel like shit over and over again"
GUTS, pretty_isnt_pretty, ""
GUTS, pretty_isnt_pretty, "No, it'll never change"
GUTS, pretty_isnt_pretty, "Pretty isn't pretty enough"
GUTS, pretty_isnt_pretty, "Everybody's keepin' it up"
GUTS, pretty_isnt_pretty, "Pretty isn't pretty enough"
GUTS, pretty_isnt_pretty, "Pretty isn't—"
GUTS, teenage_dream, "When am I gonna stop being wise beyond my years and just start being wise?"
GUTS, teenage_dream, "When am I gonna stop being a pretty young thing to guys?"
GUTS, teenage_dream, "When am I gonna stop being great for my age and just start being good?"
GUTS, teenage_dream, "When will it stop being cool to be quietly misunderstood?"
GUTS, teenage_dream, ""
GUTS, teenage_dream, "I'll blow out the candles, happy birthday to me"
GUTS, teenage_dream, "Got your whole life ahead of you, you're only nineteen"
GUTS, teenage_dream, "But I fear that they already got all the best parts of me"
GUTS, teenage_dream, "And I'm sorry that I couldn't always be your teenage dream"
GUTS, teenage_dream, ""
GUTS, teenage_dream, "And when does wide-eyed affection and all good intentions start to not be enough?"
GUTS, teenage_dream, "When will everyone have every reason to call all my bluffs?"
GUTS, teenage_dream, "And when are all my excuses of learning my lessons gonna start to feel sad?"
GUTS, teenage_dream, "Will I spend all the rest of my years wishing I could go back?"
GUTS, teenage_dream, ""
GUTS, teenage_dream, "I'll blow out the candles, happy birthday to me"
GUTS, teenage_dream, "Got your whole life ahead of you, you're only nineteen"
GUTS, teenage_dream, "But I fear that they already got all the best parts of me"
GUTS, teenage_dream, "And I'm sorry that I couldn't always be your teenage dream"
GUTS, teenage_dream, ""
GUTS, teenage_dream, "They all say that it gets better"
GUTS, teenage_dream, "It gets better the more you grow"
GUTS, teenage_dream, "Yeah, they all say that it gets better"
GUTS, teenage_dream, "It gets better, but what if I don't?"
GUTS, teenage_dream, "Oh, they all say that it gets better"
GUTS, teenage_dream, "It gets better the more you grow"
GUTS, teenage_dream, "Yeah, they all say that it gets better"
GUTS, teenage_dream, "It gets better, but what if I don't?"
GUTS, teenage_dream, "Oh, they all say that it gets better"
GUTS, teenage_dream, "It gets better the more you grow"
GUTS, teenage_dream, "Yeah, they all say that it gets better"
GUTS, teenage_dream, "It gets better, but what if I don't?"
GUTS, teenage_dream, "Oh, they all say that it gets better"
GUTS, teenage_dream, "It gets better the more you grow"
GUTS, teenage_dream, "Yeah, they all say that it gets better"
GUTS, teenage_dream, "It gets better, but what if I don't?"
GUTS, teenage_dream, ""
GUTS, teenage_dream, "Is this recording?"
GUTS, teenage_dream, "Of course it is"
GUTS, all_american_bitch, "I am light as a feather, I'm as stiff as a board"
GUTS, all_american_bitch, "I pay attention to things that most people ignore"
GUTS, all_american_bitch, "And I'm alright with the movies"
GUTS, all_american_bitch, "That make jokes 'bout senseless cruelty, that's for sure"
GUTS, all_american_bitch, "And I am built like a mother and a total machine"
GUTS, all_american_bitch, "I feel for your every little issue, I know just what you mean"
GUTS, all_american_bitch, "And I make light of the darkness"
GUTS, all_american_bitch, "I've got sun in my motherfuckin' pocket, best believe"
GUTS, all_american_bitch, "Yeah, you know me, I"
GUTS, all_american_bitch, ""
GUTS, all_american_bitch, "Forgive, and I forget"
GUTS, all_american_bitch, "I know my age, and I act like it"
GUTS, all_american_bitch, "Got what you can't resist"
GUTS, all_american_bitch, "I'm a perfect all-American"
GUTS, all_american_bitch, ""
GUTS, all_american_bitch, "I am light as a feather, I'm as fresh as the air"
GUTS, all_american_bitch, "Coca-Cola bottles that I only use to curl my hair"
GUTS, all_american_bitch, "I got class and integrity"
GUTS, all_american_bitch, "Just like a goddamn Kennedy, I swear"
GUTS, all_american_bitch, "With love to spare, I"
GUTS, all_american_bitch, ""
GUTS, all_american_bitch, "Forgive, and I forget"
GUTS, all_american_bitch, "I know my age, and I act like it"
GUTS, all_american_bitch, "Got what you can't resist"
GUTS, all_american_bitch, "I'm a perfect all-American bitch"
GUTS, all_american_bitch, "With perfect all-American lips"
GUTS, all_american_bitch, "And perfect all-American hips"
GUTS, all_american_bitch, "I know my place"
GUTS, all_american_bitch, "I know my place, and this is it"
GUTS, all_american_bitch, ""
GUTS, all_american_bitch, "I don't get angry when I'm pissed"
GUTS, all_american_bitch, "I'm the eternal optimist"
GUTS, all_american_bitch, "I scream inside to deal with it, like, "Ah""
GUTS, all_american_bitch, "Like, "Ah" (Oh my fucking God)"
GUTS, all_american_bitch, ""
GUTS, all_american_bitch, "All the time"
GUTS, all_american_bitch, "I'm grateful all the time"
GUTS, all_american_bitch, "I'm sexy, and I'm kind"
GUTS, all_american_bitch, "I'm pretty when I cry"
GUTS, all_american_bitch, "Oh, all the time"
GUTS, all_american_bitch, "I'm grateful all the time (Grateful all the fucking time)"
GUTS, all_american_bitch, "I'm sexy, and I'm kind"
GUTS, all_american_bitch, "I'm pretty when I cry"
GUTS, logical, "Master manipulator"
GUTS, logical, "God, you're so good at what you do"
GUTS, logical, "Come for me like a savior"
GUTS, logical, "And I'd put myself through hell for you"
GUTS, logical, "Hear all the rumors lately"
GUTS, logical, "That you always denied"
GUTS, logical, ""
GUTS, logical, "And I fell for you like water"
GUTS, logical, "Falls from the February sky"
GUTS, logical, "But now the current's stronger"
GUTS, logical, "And I couldn't get out if I tried"
GUTS, logical, "But you convinced me, baby"
GUTS, logical, "It was all in my mind"
GUTS, logical, "And now you got me thinking"
GUTS, logical, ""
GUTS, logical, "Two plus two equals five"
GUTS, logical, "And I'm the love of your life"
GUTS, logical, "'Cause if rain don't pour and sun don't shine"
GUTS, logical, "Then changin' you is possible"
GUTS, logical, "No, love is never logical"
GUTS, logical, ""
GUTS, logical, "You built a giant castle"
GUTS, logical, "With walls so high, I couldn't see"
GUTS, logical, "The way it all unraveled"
GUTS, logical, "And all the things you did to me"
GUTS, logical, "You lied, you lied, you lied"
GUTS, logical, "Oh"
GUTS, logical, "And now you got me thinkin'"
GUTS, logical, ""
GUTS, logical, "Two plus two equals five"
GUTS, logical, "And I'm the love of your life"
GUTS, logical, "'Cause if rain don't pour and sun don't shine"
GUTS, logical, "Then changin' you is possible"
GUTS, logical, "I guess love is never logical"
GUTS, logical, ""
GUTS, logical, "The sky is green, the grass is red"
GUTS, logical, "And you mean all those words you said"
GUTS, logical, "I'm sure that girl is really your friend"
GUTS, logical, "Our problems are all solvable"
GUTS, logical, "'Cause lovin' you is lovin' every"
GUTS, logical, ""
GUTS, logical, "Argument you held over my head"
GUTS, logical, "Brought up the girls you could have instead"
GUTS, logical, "Said I was too young, I was too soft"
GUTS, logical, "Can't take a joke, can't get you off"
GUTS, logical, "Oh, why do I do this?"
GUTS, logical, "I look so stupid thinkin'"
GUTS, logical, ""
GUTS, logical, "Two plus two equals five"
GUTS, logical, "And I'm the love of your life"
GUTS, logical, "'Cause if rain don't pour and sun don't shine"
GUTS, logical, "Then changin' you is possible"
GUTS, logical, "No, love is never logical"
GUTS, logical, ""
GUTS, logical, "Logical, logical, love is never logical"
GUTS, logical, "I know I'm half responsible and that makes me feel horrible"
GUTS, logical, ""
GUTS, logical, "Oh, logical, logical, love is never logical"
GUTS, logical, "I know I could've stopped it all, God, why didn't I stop it all?"
GUTS, logical, ""
GUTS, logical, "Oh, logical, logical, love is never logical"
GUTS, logical, "I know I'm half responsible and that makes me feel horrible"
GUTS, logical, ""
GUTS, logical, "Oh, logical, logical, love is never logical"
GUTS, logical, "I know I could've stopped it all, God, why didn't I stop it all?"
GUTS, logical, ""
GUTS, the_grudge, "I have nightmares each week about that Friday in May"
GUTS, the_grudge, "One phone call from you and my entire world was changed"
GUTS, the_grudge, "Trust that you betrayed, confusion that still lingers"
GUTS, the_grudge, "You took everything I loved and crushed it in between your fingers"
GUTS, the_grudge, "And I doubt you ever think about the damage that you did"
GUTS, the_grudge, "But I hold on to every detail like my life depends on it"
GUTS, the_grudge, "My undying love, now I hold it like a grudge"
GUTS, the_grudge, "And I hear your voice every time that I think I'm not enough"
GUTS, the_grudge, ""
GUTS, the_grudge, "And I try to be tough, but I wanna scream"
GUTS, the_grudge, "How could anybody do the things you did so easily?"
GUTS, the_grudge, "And I say I don't care, I say that I'm fine"
GUTS, the_grudge, "But you know I can't let it go"
GUTS, the_grudge, "I've tried, I've tried, I've tried for so long"
GUTS, the_grudge, "It takes strength to forgive, but I don't feel strong"
GUTS, the_grudge, ""
GUTS, the_grudge, "The arguments that I have won against you in my head"
GUTS, the_grudge, "In the shower, in the car and in the mirror before bed"
GUTS, the_grudge, "Yeah, I'm so tough when I'm alone and I make you feel so guilty"
GUTS, the_grudge, "And I fantasize about a time you're a little fucking sorry"
GUTS, the_grudge, "And I try to understand why you would do this all to me"
GUTS, the_grudge, "You must be insecure, you must be so unhappy"
GUTS, the_grudge, "And I know in my heart hurt people hurt people"
GUTS, the_grudge, "And we both drew blood, but, man, those cuts were never equal"
GUTS, the_grudge, ""
GUTS, the_grudge, "And I try to be tough, but I wanna scream"
GUTS, the_grudge, "How could anybody do the things you did so easily?"
GUTS, the_grudge, "And I say I don't care, I say that I'm fine"
GUTS, the_grudge, "But you know I can't let it go"
GUTS, the_grudge, "I've tried, I've tried, I've tried for so long"
GUTS, the_grudge, "It takes strength to forgive, but I don't feel strong"
GUTS, the_grudge, ""
GUTS, the_grudge, "Ooh, do you think I deserved it all?"
GUTS, the_grudge, "Ooh, your flower's filled with vitriol"
GUTS, the_grudge, "You built me up to watch me fall"
GUTS, the_grudge, "You have everything and you still want more"
GUTS, the_grudge, ""
GUTS, the_grudge, "I try to be tough, I try to be mean"
GUTS, the_grudge, "But even after all this, you're still everything to me"
GUTS, the_grudge, "And I know you don't care, I guess that that's fine"
GUTS, the_grudge, "But you know I can't let it go"
GUTS, the_grudge, "I've tried, I've tried, I've tried for so long"
GUTS, the_grudge, "It takes strength to forgive, but I'm not quite sure I'm there yet"
GUTS, the_grudge, "It takes strength to forgive, but"
GUTS, lacy, "Lacy, oh, Lacy, skin like puff pastry"
GUTS, lacy, "Aren't you the sweetest thing on this side of Hell?"
GUTS, lacy, "Dear angel Lacy, eyes white as daisies"
GUTS, lacy, "Did I ever tell you that I'm not doin' well?"
GUTS, lacy, ""
GUTS, lacy, "Ooh, I care, I care, I care"
GUTS, lacy, "Like perfume that you wear, I linger all the time"
GUTS, lacy, "Watching, hidden in plain sight"
GUTS, lacy, "Ooh, I try, I try, I try"
GUTS, lacy, "But it takes over my life, I see you everywhere"
GUTS, lacy, "The sweetest torture one could bear"
GUTS, lacy, ""
GUTS, lacy, "Smart, sexy Lacy, I'm losin' it lately"
GUTS, lacy, "I feel your compliments like bullets on skin"
GUTS, lacy, "Dazzling starlet, Bardot reincarnate"
GUTS, lacy, "Well, aren't you the greatest thing to ever exist?"
GUTS, lacy, ""
GUTS, lacy, "Ooh, I care, I care, I care"
GUTS, lacy, "Like ribbons in your hair, my stomach's all in knots"
GUTS, lacy, "You got the one thing that I want"
GUTS, lacy, "Ooh, I try, I try, I try"
GUTS, lacy, "Try to rationalize, people are people, but"
GUTS, lacy, "It's like you're made of angel dust"
GUTS, lacy, ""
GUTS, lacy, "Oh, oh-oh, oh-oh"
GUTS, lacy, "Oh, oh, oh-oh-oh, oh-oh"
GUTS, lacy, "Oh, oh, oh, oh-oh"
GUTS, lacy, "Oh-oh, oh-oh, oh"
GUTS, lacy, ""
GUTS, lacy, "Lacy, oh, Lacy, it's like you're out to get me"
GUTS, lacy, "You poison every little thing that I do"
GUTS, lacy, "Lacy, oh, Lacy, I just loathe you lately"
GUTS, lacy, "And I despise my jealous eyes and how hard they fell for you"
GUTS, lacy, "Yeah, I despise my rotten mind and how much it worships you"
GUTS, vampire, "Hate to give the satisfaction asking how you're doing now"
GUTS, vampire, "How's the castle built off people you pretend to care about"
GUTS, vampire, "Just what you wanted"
GUTS, vampire, "Look at you, cool guy, you got it"
GUTS, vampire, ""
GUTS, vampire, "I see the parties and the diamonds sometimes when I close my eyes"
GUTS, vampire, "Six months of torture you sold as some forbidden paradise"
GUTS, vampire, "I loved you truly"
GUTS, vampire, "You gotta laugh at the stupidity"
GUTS, vampire, ""
GUTS, vampire, "'Cause I've made some real big mistakes"
GUTS, vampire, "But you make the worst one look fine"
GUTS, vampire, "I should've known it was strange"
GUTS, vampire, "You only come out at night"
GUTS, vampire, "I used to think I was smart"
GUTS, vampire, "But you made me look so naïve"
GUTS, vampire, "The way you sold me for parts"
GUTS, vampire, "As you sunk your teeth into me, oh"
GUTS, vampire, "Bloodsucker, famefucker"
GUTS, vampire, "Bleeding me dry like a goddamn vampire"
GUTS, vampire, ""
GUTS, vampire, "Every girl I ever talked to told me you were bad, bad news"
GUTS, vampire, "You called them crazy God I hate the way I called them crazy too"
GUTS, vampire, "You're so convincing"
GUTS, vampire, "How do you lie without flinching? (How do you lie, how do you lie, how do you lie?)"
GUTS, vampire, ""
GUTS, vampire, "Oh, what a mesmerizing, paralyzing, fucked up little thrill"
GUTS, vampire, "Can't figure out just how you do it and God knows I never will"
GUTS, vampire, "Went for me and not her"
GUTS, vampire, "'Cause girls your age know better"
GUTS, vampire, ""
GUTS, vampire, "I've made some real big mistakes"
GUTS, vampire, "But you make the worst one look fine"
GUTS, vampire, "I should've known it was strange"
GUTS, vampire, "You only come out at night"
GUTS, vampire, "I used to think I was smart"
GUTS, vampire, "But you made me look so naïve"
GUTS, vampire, "The way you sold me for parts"
GUTS, vampire, "As you sunk your teeth into me, oh"
GUTS, vampire, "Bloodsucker, famefucker"
GUTS, vampire, "Bleeding me dry like a goddamn vampire"
GUTS, vampire, ""
GUTS, vampire, "You said it was true love"
GUTS, vampire, "But wouldn't that be hard?"
GUTS, vampire, "You can't love anyone"
GUTS, vampire, "'Cause that would mean you had a heart"
GUTS, vampire, "I tried to help you out"
GUTS, vampire, "Now I know that I can't"
GUTS, vampire, "'Cause how you think's the kind of thing"
GUTS, vampire, "I'll never understand"
GUTS, vampire, ""
GUTS, vampire, "I've made some real big mistakes"
GUTS, vampire, "But you make the worst one look fine"
GUTS, vampire, "I should've known it was strange"
GUTS, vampire, "You only come out at night"
GUTS, vampire, "I used to think I was smart"
GUTS, vampire, "But you made me look so naïve"
GUTS, vampire, "The way you sold me for parts"
GUTS, vampire, "As you sunk your teeth into me, oh"
GUTS, vampire, "Bloodsucker, famefucker"
GUTS, vampire, "Bleeding me dry like a goddamn vampire"
GUTS, making_the_bed, "Want it, so I got it, did it, so it's done"
GUTS, making_the_bed, "Another thing I ruined, I used to do for fun"
GUTS, making_the_bed, "Another piece of plastic I could just throw away"
GUTS, making_the_bed, "Another conversation with nothing good to say"
GUTS, making_the_bed, "I thought it, so I said it, took it 'cause I can"
GUTS, making_the_bed, "Another day pretendin' I'm older than I am"
GUTS, making_the_bed, "Another perfect moment that doesn't feel like mine"
GUTS, making_the_bed, "Another thing I forced to be a sign"
GUTS, making_the_bed, ""
GUTS, making_the_bed, "Well, sometimes I feel like I don't wanna be where I am"
GUTS, making_the_bed, "Gettin' drunk at a club with my fair-weather friends"
GUTS, making_the_bed, "Push away all the people who know me the best"
GUTS, making_the_bed, "But it's me who's been makin' the bed"
GUTS, making_the_bed, "I'm so tired of bein' the girl that I am"
GUTS, making_the_bed, "Every good thing has turned into somethin' I dread"
GUTS, making_the_bed, "And I'm playin' the victim so well in my head"
GUTS, making_the_bed, "But it's me who's been makin' the bed"
GUTS, making_the_bed, ""
GUTS, making_the_bed, "Me who's been makin' the bed"
GUTS, making_the_bed, "Pull the sheets over my head, yeah"
GUTS, making_the_bed, "Makin' the bed"
GUTS, making_the_bed, ""
GUTS, making_the_bed, "And every night, I wake up from this one recurrin' dream"
GUTS, making_the_bed, "Where I'm drivin' through the city, and the brakes go out on me"
GUTS, making_the_bed, "I can't stop at the red light, can't swerve off the road"
GUTS, making_the_bed, "I read somewhere it's 'cause my life feels so out of control"
GUTS, making_the_bed, "And I tell someone I love them just as a distraction"
GUTS, making_the_bed, "They tell me that they love me like I'm some tourist attraction"
GUTS, making_the_bed, "They're changin' my machinery, and I just let it happen"
GUTS, making_the_bed, "I got the things I wanted, it's just not what I imagined"
GUTS, making_the_bed, ""
GUTS, making_the_bed, "Well, sometimes I feel like I don't wanna be where I am"
GUTS, making_the_bed, "Gettin' drunk at a club with my fair-weather friends"
GUTS, making_the_bed, "Push away all the people who know me the best"
GUTS, making_the_bed, "But it's me who's been makin' the bed"
GUTS, making_the_bed, "I'm so tired of bein' the girl that I am"
GUTS, making_the_bed, "Every good thing has turned into somethin' I dread"
GUTS, making_the_bed, "And I'm playin' the victim so well in my head"
GUTS, making_the_bed, "But it's me who's been makin' the bed"
GUTS, making_the_bed, ""
GUTS, making_the_bed, "Me who's been makin' the bed"
GUTS, making_the_bed, "Pull the sheets over my head, yeah"
GUTS, making_the_bed, "Makin' the bed"
GUTS, making_the_bed, ""
GUTS, making_the_bed, "Sometimes I feel like I don't wanna be where I am"
GUTS, making_the_bed, "Countin' all of the beautiful things I regret"
GUTS, making_the_bed, "But it's me who's been makin' the bed"
GUTS, making_the_bed, "Me who's been makin' the bed"
GUTS, making_the_bed, "Pull the sheets over my head"
GUTS, making_the_bed, "Makin' the bed, oh-oh"
